,0
0,https://www.kijiji.ca/v-appartement-condo/ville-de-montreal/4-1-2-spacieux-2-chambres-fermees-tout-inclus-ac-piscine-gym/1582648561
1,https://www.kijiji.ca/v-appartement-condo/ville-de-montreal/ville-lasalle-4-5-haut/1582638089
2,https://www.kijiji.ca/v-appartement-condo/ville-de-montreal/3-1-2-metro-cote-vertu-vsl-beton-tout-inclus/1582632982
3,https://www.kijiji.ca/v-appartement-condo/longueuil-rive-sud/apartment-studio-a-louer-for-rent-rive-sud/1582625493
4,https://www.kijiji.ca/v-appartement-condo/longueuil-rive-sud/apartment-studio-a-louer-for-rent-rive-sud/1582625114
5,https://www.kijiji.ca/v-appartement-condo/ville-de-montreal/3-1-2-top-floor-marche-maisonneuve-station-pie-ix-chauffage-incl/1582594727
6,https://www.kijiji.ca/v-appartement-condo/ville-de-montreal/2-1-2-studios-600-montreal-plateau-mont-royal/1582594382
7,https://www.kijiji.ca/v-appartement-condo/ville-de-montreal/grand-5-neuf-a-griffintown/1582592453
8,https://www.kijiji.ca/v-appartement-condo/ville-de-montreal/association-des-proprietaires-du-quebec/1582590661
9,https://www.kijiji.ca/v-appartement-condo/ville-de-montreal/association-des-proprietaires-du-quebec/1582589826
10,https://www.kijiji.ca/v-appartement-condo/ville-de-montreal/association-des-proprietaires-du-quebec/1582586300
11,https://www.kijiji.ca/v-appartement-condo/ville-de-montreal/superbe-3-1-2-modern-meuble-toutes-serv-compis-plateau-ctrvll/1582589194
12,https://www.kijiji.ca/v-appartement-condo/ville-de-montreal/association-des-proprietaires-du-quebec/1582587981
13,https://www.kijiji.ca/v-appartement-condo/ville-de-montreal/one-bedroom-apartment-near-concordia-for-september-id-1388/1576566708
14,https://www.kijiji.ca/v-appartement-condo/ville-de-montreal/3-1-2-apt-1-min-a-to-metro-pie-ix-780-m/1582559882
15,https://www.kijiji.ca/v-appartement-condo/ville-de-montreal/2-1-2-is-for-rent-all-incuded-1st-septmber/1582551901
16,https://www.kijiji.ca/v-appartement-condo/ville-de-montreal/4-1-2-a-louer-1er-aout-dans-rosemont/1582548907
17,https://www.kijiji.ca/v-appartement-condo/ouest-de-lile-qc/5-1-2-neuf-pres-du-cap-st-jacques-a-partir-de-1837-mois/1574296029
18,https://www.kijiji.ca/v-appartement-condo/ville-de-montreal/4-chamber-9517-rue-lajeunesse-ahuntsic-metro-sauve/1582540831
19,https://www.kijiji.ca/v-appartement-condo/ville-de-montreal/grand-5-1-2-tranquille-fraichement-peint/1582536917
20,https://www.kijiji.ca/v-appartement-condo/ville-de-montreal/5-1-2-fraichement-peint-grand-et-propre/1582536615
21,https://www.kijiji.ca/v-appartement-condo/ville-de-montreal/magnifique-appartement-grand-2-metro-pie-ix-aout/1582530197
22,https://www.kijiji.ca/v-appartement-condo/ville-de-montreal/magnifique-appartement-3-metro-pie-ix-septembre/1582527227
23,https://www.kijiji.ca/v-appartement-condo/ville-de-montreal/grand-appartement-4-1-2-renover-station-de-train-bois-franc/1582526751
24,https://www.kijiji.ca/v-appartement-condo/ville-de-montreal/atwater-market-3-bdr-1-bath-charlevoix-metro-psc/1582523747
25,https://www.kijiji.ca/v-appartement-condo/ville-de-montreal/plateau-3-1-2-renove-chauffe-poele-frigo-795/1582520443
26,https://www.kijiji.ca/v-appartement-condo/ville-de-montreal/3-1-2-metro-de-castelnau-jean-talon-market-1-month-free/1580526105
27,https://www.kijiji.ca/v-appartement-condo/ville-de-montreal/2-1-2-proche-de-lacadie-sauve-disponible-1er-septembre/1582519126
28,https://www.kijiji.ca/v-appartement-condo/ville-de-montreal/4-1-2-metro-cote-vertu-vsl-beton-tout-inclus/1582513386
29,https://www.kijiji.ca/v-appartement-condo/ville-de-montreal/1er-etage-de-duplex-renove-au-sud-ouest/1582512269
30,https://www.kijiji.ca/v-appartement-condo/ville-de-montreal/lachine-semi-base-4-5-to-rent-in-small-apartment-building/1582508521
31,https://www.kijiji.ca/v-appartement-condo/ville-de-montreal/1-bed-1-bath-nouveau-st-laurent/1582508201
32,https://www.kijiji.ca/v-appartement-condo/ville-de-montreal/top-floor-all-included-3-1-2-in-mcgill-ghetto-1-br-large-terasse/1582506527
33,https://www.kijiji.ca/v-appartement-condo/ville-de-montreal/association-des-proprietaires-du-quebec-apq/1582486117
34,https://www.kijiji.ca/v-appartement-condo/ville-de-montreal/41-2-for-rent/1582491358
35,https://www.kijiji.ca/v-appartement-condo/ville-de-montreal/lasalle-apartment-for-rent-a-louer-4-1-2-and-garage-turley-st/1582469766
36,https://www.kijiji.ca/v-appartement-condo/ville-de-montreal/5-1-2-entierement-renove-a-villeray/1582415298
37,https://www.kijiji.ca/v-appartement-condo/ville-de-montreal/5-1-2-metro-papineau-1er-octobre/1582438142
38,https://www.kijiji.ca/v-appartement-condo/ville-de-montreal/appartement-a-louer-metro-caddilac/1582432979
39,https://www.kijiji.ca/v-appartement-condo/ville-de-montreal/studio-in-milton-park-area-id-1461/1580418949
40,https://www.kijiji.ca/v-appartement-condo/ville-de-montreal/renovated-studio-near-mcgill-university-id-1459/1580418204
41,https://www.kijiji.ca/v-appartement-condo/ville-de-montreal/235-peel-open-bed-16-th-floor-535pc-electros-pool-gym/1582422944
42,https://www.kijiji.ca/v-appartement-condo/ville-de-montreal/3-1-2-metro-de-castelnau-jean-talon-market-1-month-free/1580526105
43,https://www.kijiji.ca/v-appartement-condo/ville-de-montreal/renove-metro-rosemont-electros-inclus-meuble/1582410641
44,https://www.kijiji.ca/v-appartement-condo/longueuil-rive-sud/st-hubert:-grand-4-triplex-avec-2-stationnements/1582408194
45,https://www.kijiji.ca/v-appartement-condo/ville-de-montreal/st-leonard-superbe-5-5-renove-rue-maritain/1582406354
46,https://www.kijiji.ca/v-appartement-condo/ville-de-montreal/beautiful-4-1-2-lease-transfer-october-1st/1582407351
47,https://www.kijiji.ca/v-appartement-condo/ville-de-montreal/studios-lofts-entierement-renoves-dans-triplex-rosemont/1567551800
48,https://www.kijiji.ca/v-appartement-condo/ville-de-montreal/lumineux-5-1-2-renove-avec-immense-cour-4-min-du-metro-a-pieds/1582388696
49,https://www.kijiji.ca/v-appartement-condo/longueuil-rive-sud/offre-speciale-a-la-personne-qui-prend-mon-3-1-2-300/1582384823
50,https://www.kijiji.ca/v-appartement-condo/ville-de-montreal/renovated-studio-in-plateau-mont-royale-id-1090/1569484870
51,https://www.kijiji.ca/v-appartement-condo/ville-de-montreal/tres-propre-3-1-2-grand-loft-villeray/1582376340
52,https://www.kijiji.ca/v-appartement-condo/ville-de-montreal/3-entierement-renove-metro-place-st-henri/1582367588
53,https://www.kijiji.ca/v-appartement-condo/ville-de-montreal/un-grand-4-a-rosemont-petite-patrie-metro-fabre/1582366818
54,https://www.kijiji.ca/v-appartement-condo/ville-de-montreal/queen-mary-lovely-3-1-2-renov-furnished-balcony-starbuks-bus-2c/1582363692
55,https://www.kijiji.ca/v-appartement-condo/ville-de-montreal/sunny-clean-and-bright-3-5-one-open-bedroom-for-rent/1582327576
56,https://www.kijiji.ca/v-appartement-condo/ville-de-montreal/beautiful-3-bedroom-apartment-mile-end-plateau/1582275032
57,https://www.kijiji.ca/v-appartement-condo/ville-de-montreal/beautiful-4-1-2-including-all-appliances-not-furnish-apartment/1581275709
58,https://www.kijiji.ca/v-appartement-condo/ville-de-montreal/21-arrondissement-old-montreal-studio-balcony-pool-gym/1582264114
59,https://www.kijiji.ca/v-appartement-condo/ville-de-montreal/appartement/1582255633
60,https://www.kijiji.ca/v-appartement-condo/laval-rive-nord/beau-logement-4-1-piece-des-septembre-2021/1578812764
61,https://www.kijiji.ca/v-appartement-condo/ville-de-montreal/beau-3-et-demi-a-montreal/1582240091
62,https://www.kijiji.ca/v-appartement-condo/ville-de-montreal/2-1-2-studios-600-montreal-plateau-mont-royal-mile-end/1582239252
63,https://www.kijiji.ca/v-appartement-condo/ville-de-montreal/one-bed-near-mcgill-university-1-month-free-id-1093/1570724819
64,https://www.kijiji.ca/v-appartement-condo/ville-de-montreal/rosemont-3-1-2-non-fumeur-sans-animaux-tout-renove-adjacent-parc/1582213786
65,https://www.kijiji.ca/v-appartement-condo/ville-de-montreal/3-1-2-a-louer-plateau-mont-royal/1582197894
66,https://www.kijiji.ca/v-appartement-condo/ville-de-montreal/3-1-2-metro-de-castelnau-jean-talon-market-1-month-free/1580526105
67,https://www.kijiji.ca/v-appartement-condo/longueuil-rive-sud/3-1-2-chauffee-et-eclairee/1582188236
68,https://www.kijiji.ca/v-appartement-condo/ville-de-montreal/appartement-renove-4-renovated-plateau-mont-royal-montreal/1582183803
69,https://www.kijiji.ca/v-appartement-condo/longueuil-rive-sud/brossard-4-1-2-a-louer/1582181703
70,https://www.kijiji.ca/v-appartement-condo/ville-de-montreal/3-1-2-metro-de-castelnau-jean-talon-market-1-month-free/1580526105
71,https://www.kijiji.ca/v-appartement-condo/ville-de-montreal/2-1-2-renove-lasalle-750-libre-laveuse-secheuse-inclues/1582142161
72,https://www.kijiji.ca/v-appartement-condo/longueuil-rive-sud/grand-5-1-2-haut-de-triplex-1200-pi-ca/1582137205
73,https://www.kijiji.ca/v-appartement-condo/ville-de-montreal/lacordaire-3-a-louer/1582038032
74,https://www.kijiji.ca/v-appartement-condo/laval-rive-nord/crabtree-appartement-4-a-louer/1577711139
75,https://www.kijiji.ca/v-appartement-condo/ouest-de-lile-qc/lachine-3-1-2-795-chauffee-10-mins-du-centreville-et-aeroport/1581979803
76,https://www.kijiji.ca/v-appartement-condo/ville-de-montreal/3-1-2-in-little-italy-balcony-1-month-free/1555909535
77,https://www.kijiji.ca/v-appartement-condo/longueuil-rive-sud/chambly-a-louer-5-1-2-disponible-1er-septembre/1581914222
78,https://www.kijiji.ca/v-appartement-condo/ville-de-montreal/urgent-lease-transfer-studio-apartment-shaughnessy-brand-new/1581782805
79,https://www.kijiji.ca/v-appartement-condo/ville-de-montreal/tres-beau-4-renove-sur-2-etages/1581312986
80,https://www.kijiji.ca/v-appartement-condo/ville-de-montreal/3-1-2-a-2-min-du-metro-fabre/1581763480
81,https://www.kijiji.ca/v-appartement-condo/ville-de-montreal/loft-ville-marie-village-gay-1er-septembre/1581746589
82,https://www.kijiji.ca/v-appartement-condo/ville-de-montreal/grande-logement-8-1-2-a-louer-cegep-ahuntsic-occupe-01-oct-2021/1581708264
83,https://www.kijiji.ca/v-appartement-condo/longueuil-rive-sud/3-1-2-saint-lambert-disponible-immediatement/1581615483
84,https://www.kijiji.ca/v-appartement-condo/ville-de-montreal/charming-4-1-2-apartment-for-rent/1580214386
85,https://www.kijiji.ca/v-appartement-condo/ville-de-montreal/cozy-3-1-2-apartment-in-parc-extension/1580730514
86,https://www.kijiji.ca/v-appartement-condo/ville-de-montreal/charming-51-2-apartment-for-rent/1580731670
87,https://www.kijiji.ca/v-appartement-condo/ville-de-montreal/beautiful-sunny-3-1-2-apartment-for-rent/1580211432
88,https://www.kijiji.ca/v-appartement-condo/ville-de-montreal/beautiful-4-1-2-apartment-for-rent-in-parc-extension/1580198927
89,https://www.kijiji.ca/v-appartement-condo/ville-de-montreal/beautiful-41-2-apartment-for-rent-in-rosemont/1580198435
90,https://www.kijiji.ca/v-appartement-condo/ville-de-montreal/beautiful-7-1-2-apartment-for-rent-in-rosemont/1580198390
91,https://www.kijiji.ca/v-appartement-condo/ville-de-montreal/3-1-2-metro-de-castelnau-jean-talon-market-1-month-free/1580526105
92,https://www.kijiji.ca/v-appartement-condo/ville-de-montreal/4-1-2-a-louer-point-aux-trembles/1581498408
93,https://www.kijiji.ca/v-appartement-condo/ville-de-montreal/perfect-home-office-fully-furnished/1581468568
94,https://www.kijiji.ca/v-appartement-condo/ouest-de-lile-qc/3-1-2-apartment-for-rent-in-the-west-island/1581331183
95,https://www.kijiji.ca/v-appartement-condo/ville-de-montreal/pres-des-universitees-4529-hutchison-chauffage-inclus/1581311418
96,https://www.kijiji.ca/v-appartement-condo/laval-rive-nord/joli-petit-4-1-2-pres-du-vieux-terrebonne/1581232436
97,https://www.kijiji.ca/v-appartement-condo/ville-de-montreal/en-suspend/1581185437
98,https://www.kijiji.ca/v-appartement-condo/ville-de-montreal/loft-3-1-2-montreal-le-village-berri-uqam-beaudry/1581183050
99,https://www.kijiji.ca/v-appartement-condo/laval-rive-nord/grand-bachelor-3-1-2-mirabel-st-janvier/1581172288
100,https://www.kijiji.ca/v-appartement-condo/ouest-de-lile-qc/verdun-renovated-4-1-2-near-metro/1580593851
101,https://www.kijiji.ca/v-appartement-condo/ville-de-montreal/large-bright-apartment-utilities-and-wifi-included/1580774231
102,https://www.kijiji.ca/v-appartement-condo/ville-de-montreal/grand-51-2-a-louer-1er-sept-2021-spacious-51-2-for-rent-availa/1580729062
103,https://www.kijiji.ca/v-appartement-condo/ville-de-montreal/beau-3-1-2-face-udem-hec/1561215491
104,https://www.kijiji.ca/v-appartement-condo/ville-de-montreal/metro-joliette-4-electros-inclua/1580676414
105,https://www.kijiji.ca/v-appartement-condo/longueuil-rive-sud/immense-4-et-demi-a-saint-hubert-libre-maintenant/1580675289
106,https://www.kijiji.ca/v-appartement-condo/ville-de-montreal/studio-a-louer-dans-une-triplex-a-lasalle/1582509561
107,https://www.kijiji.ca/v-appartement-condo/ville-de-montreal/new-renovation-next-to-metro-perfect-for-a-couple-or-students/1582386107
108,https://www.kijiji.ca/v-appartement-condo/ville-de-montreal/a-louer-rez-de-chausse-a-nouveau-rosemont/1582378780
109,https://www.kijiji.ca/v-appartement-condo/ville-de-montreal/luxurious-condo-in-front-of-metro-verdun-condo-a-verdun/1582373801
110,https://www.kijiji.ca/v-appartement-condo/ville-de-montreal/loft-a-verdun-loft-in-verdun/1582373392
111,https://www.kijiji.ca/v-appartement-condo/longueuil-rive-sud/5-libre-neuf/1582184536
112,https://www.kijiji.ca/v-appartement-condo/longueuil-rive-sud/libre-le-1er-septembre-grand-5-1-2-ultra-lumineux/1582182045
113,https://www.kijiji.ca/v-appartement-condo/ville-de-montreal/2-et-demi-tout-compris-chauffe-eclaire-internet-stationnement/1581145169
114,https://www.kijiji.ca/v-appartement-condo/ville-de-montreal/spacious-5-1-2-in-mile-end/1580456247
115,https://www.kijiji.ca/v-appartement-condo/ville-de-montreal/verdun-west-3-bedrooms-private-garage/1578733435
116,https://www.kijiji.ca/v-appartement-condo/longueuil-rive-sud/5-1-2-sur-2-etages/1573742875
117,https://www.kijiji.ca/v-appartement-condo/ville-de-montreal/personal-rental-at-3-minutes-of-walk-from-plamondon-station-nea/1573733043
118,https://www.kijiji.ca/v-appartement-condo/ville-de-montreal/amazing-affordable-3-1-2-in-a-calm-and-strategic-location/1582634981
119,https://www.kijiji.ca/v-appartement-condo/ville-de-montreal/verdun-condo-neuf-4-1-2/1578132078
120,https://www.kijiji.ca/v-appartement-condo/ville-de-montreal/furnished-2-bed-1-bath-with-balcony-in-heart-of-griffintown/1582505257
121,https://www.kijiji.ca/v-appartement-condo/ouest-de-lile-qc/condo-ventura-de-luxe-2-chambres-2-parking-1000-pieds-carres/1582503332
122,https://www.kijiji.ca/v-appartement-condo/ville-de-montreal/big-6-1-2-plateau/1582210038
123,https://www.kijiji.ca/v-appartement-condo/longueuil-rive-sud/grand-condo-5-1-2-a-louer-a-brossard/1582188809
124,https://www.kijiji.ca/v-appartement-condo/laval-rive-nord/condos-a-louer-3-1-2-pres-du-carrefour-laval-chomedey/1576355425
125,https://www.kijiji.ca/v-appartement-condo/longueuil-rive-sud/super-condo-4-1-2-a-louer-sur-boul-chevrier-brossard/1582037473
126,https://www.kijiji.ca/v-appartement-condo/ville-de-montreal/mile-ex-4-condo-lumineux-pet-friendly-:/1582011774
127,https://www.kijiji.ca/v-appartement-condo/laval-rive-nord/condo-51-2-a-louer-a-laval-des-rapides/1581858271
128,https://www.kijiji.ca/v-appartement-condo/laval-rive-nord/condo-4-1-2-for-rent-a-louer-appartement/1581820157
129,https://www.kijiji.ca/v-appartement-condo/longueuil-rive-sud/4-1-2-a-louer-01-sept-2-stationnements-terminus-rem-brossard/1581696225
130,https://www.kijiji.ca/v-appartement-condo/ville-de-montreal/great-location-fully-furnished-4-1-2-in-a-small-building/1581606259
131,https://www.kijiji.ca/v-appartement-condo/ville-de-montreal/fully-furnished-4-1-2-prime-location-small-building/1581605569
132,https://www.kijiji.ca/v-appartement-condo/ville-de-montreal/new-condo-for-rent-on-st-jean-west-island/1581504009
133,https://www.kijiji.ca/v-appartement-condo/ville-de-montreal/5-1-2-pt-st-charles-bright-with-private-green-space/1581469989
134,https://www.kijiji.ca/v-appartement-condo/longueuil-rive-sud/chateauguay-4-grand-tranquille-a-c-pres-a30-138/1581268775
135,https://www.kijiji.ca/v-appartement-condo/ville-de-montreal/cozy-modern-condo-for-rent-griffintown/1580450708
136,https://www.kijiji.ca/v-appartement-condo/ville-de-montreal/urban-townhouse-condo-for-rent-a-louer-griffintown/1580346306
137,https://www.kijiji.ca/v-appartement-condo/ville-de-montreal/tres-beau-condo-semi-equipe/1579385341
138,https://www.kijiji.ca/v-appartement-condo/ville-de-montreal/brand-new-condo-homa-1300-fully-furnished/1577777693
139,https://www.kijiji.ca/v-appartement-condo/longueuil-rive-sud/condo-neuf-4-1-2-nouvelle-construction/1577644759
140,https://www.kijiji.ca/v-appartement-condo/ville-de-montreal/23rd-floor-2-bed-corner-unit-in-downtown-with-spectacular-views/1573751905
141,https://www.kijiji.ca/v-appartement-condo/ville-de-montreal/2-bed-2-bath-ile-des-soeurs-1065-sqft-myx-condos/1573714198
142,https://www.kijiji.ca/v-appartement-condo/ville-de-montreal/beautiful-4-1-2-pour-louer-pres-de-tous/1573698122
143,https://www.kijiji.ca/v-appartement-condo/laval-rive-nord/bachelor-a-louer-dans-l-est-de-repentigny-3-et-demi-ouvert/1582610430
144,https://www.kijiji.ca/v-appartement-condo/ouest-de-lile-qc/bachelor-basement-in-maple-for-rent/1582397683
145,https://www.kijiji.ca/v-appartement-condo/ville-de-montreal/appartement-3-1-2-propre-bien-situe-snowdon-rental-apartment/1582355867
146,https://www.kijiji.ca/v-appartement-condo/laval-rive-nord/bachelor-3-1-2-mirabel-libre-immediatement/1581894416
147,https://www.kijiji.ca/v-appartement-condo/ville-de-montreal/dispo-maintenant-4-cac-2-sdb-2-balcons-top-floor-station-viau/1582604798
148,https://www.kijiji.ca/v-appartement-condo/longueuil-rive-sud/maison-neufs-libre-immediatement/1582343311
149,https://www.kijiji.ca/v-appartement-condo/longueuil-rive-sud/south-shore-house-for-rent/1582217353
150,https://www.kijiji.ca/v-appartement-condo/longueuil-rive-sud/5-1-2-sur-3-etages-maison-semi-detacher/1581770769
